{
  "generated_at": "2025-12-13T13:36:03.802498",
  "total_games": 1541,
  "overall_mae": 9.473159782320145,
  "vegas_mae": 11.893900064892927,
  "improvement": 2.4207402825727815,
  "direction_accuracy": 0.6664503569110967,
  "weeks_beat_vegas": 